{"file": "songs/test_music.mp3", "timestamps": [0, 1.2011845111846924, 4.004519939422607, 9223372036854775807], "lyrics": ["", "this is the shortest song", "I've ever sung", ""], "duration": 9.978775510204082}